<?xml version="1.0" encoding="utf-8"?>
<prefix name="socialsharing" label="Social media sharing" language_tag="en" language_label="English"><key name="api_key_description"><value>You should enter AddThis publisher &lt;a href="https://www.addthis.com/settings/publisher"&gt; Profile ID&lt;/a&gt; to use Social Sharing plugin.</value></key><key name="api_key_saved"><value>Settings saved</value></key><key name="api_key_title"><value>AddThis Profile ID</value></key><key name="default_image_description"><value>Browse to select preview picture for content with no images or use default</value></key><key name="default_image_title"><value>Preview picture</value></key><key name="facebook"><value>Facebook</value></key><key name="googlePlus"><value>Google+</value></key><key name="image_upload_error"><value>Error on upload image</value></key><key name="image_upload_success"><value>Image successfully uploaded</value></key><key name="pinterest"><value>Pinterest</value></key><key name="plugin_installation_notice"><value>&lt;a href='{$url}'&gt;Social media sharing&lt;/a&gt; requires configuration</value></key><key name="save_api_key"><value>Save</value></key><key name="settings_saved"><value>Settings saved</value></key><key name="settings_saved_error"><value>error</value></key><key name="share"><value>Share:</value></key><key name="share_title"><value>Share</value></key><key name="socialsharing_default_image"><value>Default site image</value></key><key name="socialsharing_items"><value>Settings</value></key><key name="socialsharing_widget_label"><value>Social Services</value></key><key name="social_services"><value>Social Services</value></key><key name="twitter"><value>Twitter</value></key><key name="upload"><value>Upload</value></key><key name="upload_complite"><value>Upload Complite</value></key><key name="upload_image_button_label"><value>upload</value></key></prefix>
